station,lat,lon,mean_demand,cluster_id,cluster_label
10e avenue / Masson,45.55037651450808,-73.57373356819151,14.106055751361742,0,medium
15e avenue / Laurier,45.55331992800521,-73.56932803988457,6.417997870074547,1,low
1ère avenue / Rosemont,45.54779995287998,-73.58486741781235,8.676877996803409,1,low
5e avenue / Masson,45.54752382909683,-73.57513636350632,10.73164492197493,1,low
Alexandre-DeSève / Ontario,45.52437454361268,-73.56055689979257,13.051044083526682,0,medium
Alma / de Bellechasse,45.531034186281765,-73.60352754592896,6.029419776627622,1,low
André-Laurendeau / Rachel,45.54303187243879,-73.56256484985352,12.91028387787895,0,medium
Atateken / du Square Amherst,45.52063377251984,-73.56390595436096,12.209046100318933,0,medium
Augustin-Cantin / Shearer,45.48390169543355,-73.56363236904144,7.644522776572668,1,low
Aylmer / Prince-Arthur,45.508566869474386,-73.57769787311554,15.667921686746988,0,medium
Aylmer / Sherbrooke,45.50629456823703,-73.57282698154448,9.446308724832214,1,low
Aylmer / Ste-Catherine,45.50434678685089,-73.56894850730896,7.8499392466585665,1,low
Aylwin / Ontario,45.54428297135084,-73.54544162750244,16.065581617999044,0,medium
BAnQ (Berri),45.51601387670667,-73.56291957199574,12.804086845466156,0,medium
Beaudry / Sherbrooke,45.52303493310712,-73.56539458036421,8.429879644165359,1,low
Bennett / Ste-Catherine,45.55315915057821,-73.53263273835182,6.829410208939434,1,low
Bercy / Rachel,45.53840340979245,-73.56196403503418,6.4529014844804315,1,low
Bernard / Jeanne-Mance,45.52428310031213,-73.6049484461546,13.428294103372968,0,medium
Berri / Cherrier,45.519266156911335,-73.5692971944809,17.38582302568982,0,medium
Berri / Gilford,45.52677632748293,-73.58606100082396,12.467865566037736,0,medium
Berri / Laurier,45.52809995527671,-73.58843871625139,13.586652018676189,0,medium
Berri / Rachel,45.52275023118295,-73.57724860310555,20.49311817750356,2,high
Bibliothèque et Complexe aquatique Rosemont (8e avenue / Rosemont),45.55151193681962,-73.58207792043686,6.553405777895573,1,low
Bishop / René-Lévesque,45.49536795507059,-73.57401251792908,8.432038834951456,1,low
Bishop / Ste-Catherine,45.496597761984034,-73.57650284979172,8.085216268560362,1,low
Bloomfield / Bernard,45.520338193708305,-73.60775470733641,11.380618342426605,1,low
Bloomfield / Van Horne,45.522745298216094,-73.61328139901161,7.167262512768131,1,low
Bourbonnière / du Mont-Royal,45.55358456339093,-73.56052905321121,6.647374062165059,1,low
Bourgeoys / Favard,45.47993042065731,-73.55592101812363,8.088912410690659,1,low
Boyer / Beaubien,45.537041,-73.602026,16.464565062811094,0,medium
Boyer / Bélanger,45.54006,-73.60897,9.49546370967742,1,low
Boyer / Everett,45.54310243053054,-73.61607524188003,6.805814883969059,1,low
Boyer / Jean-Talon,45.541569834507,-73.61250426627521,8.379606879606879,1,low
Boyer / Rosemont,45.53409866804061,-73.59553456306458,12.193343122858542,0,medium
Boyer / St-Zotique,45.53848,-73.60556,14.127204968944099,0,medium
Boyer / du Mont-Royal,45.527432126380575,-73.57991673052311,21.953550583657588,2,high
Bélanger / St-Denis,45.53696,-73.61199,12.607662192393736,0,medium
CHU Ste-Justine (de la Côte Ste-Catherine / Hudson),45.50398168549117,-73.62283945083618,7.495455797301019,1,low
Calixa-Lavallée / Rachel,45.527831544563064,-73.5719096660614,12.926108374384237,0,medium
Calixa-Lavallée / Sherbrooke,45.52479,-73.56545,11.324511501360377,1,low
Campus MIL (Outremont / Thérèse-Lavoie Roux),45.52311432992147,-73.61815363168716,9.539333117513758,1,low
Cartier / Dandurand,45.53923559055867,-73.58594566583633,7.544121567581978,1,low
Cartier / Marie-Anne,45.53280412806031,-73.57190161943436,9.233307352559105,1,low
Cartier / Masson,45.5380207402854,-73.58352363109587,9.615984930032292,1,low
Cartier / Rosemont,45.54124722370603,-73.59104454517365,6.539092540374263,1,low
Cartier / St-Joseph,45.53582823686429,-73.57869029045105,6.067328326180258,1,low
Casgrain / Maguire,45.52621764749851,-73.5957657695144,9.1876629018245,1,low
Cathcart / McGill College,45.501187681489775,-73.57045487814501,11.448773841961852,1,low
Chabot / du Mont-Royal,45.53413436610844,-73.57352435588837,16.45524052245938,0,medium
Chambord / Beaubien,45.539900246044354,-73.59936207532883,8.104848946433105,1,low
Chambord / Gilford,45.53149589691095,-73.58106877662067,6.657266811279826,1,low
Chapleau / du Mont-Royal,45.53867,-73.56936,6.297946118965057,1,low
Charles-Biddle / Atwater,45.47913738100108,-73.57514977455139,18.464285714285715,0,medium
Chomedey / de Maisonneuve,45.491750449903954,-73.58394473791122,14.53876157971721,0,medium
Christophe-Colomb / St-Joseph,45.53036486555959,-73.58439266681671,6.908230344464896,1,low
Clark / Evans,45.511105776623936,-73.56784012175922,12.039485766758494,0,medium
Clark / Laurier,45.522583792261266,-73.59361327255101,20.29032258064516,2,high
Clark / Prince-Arthur,45.513342512307055,-73.57301607728004,19.8555581779561,2,high
Clark / Rachel,45.517537449207474,-73.58241524554614,17.745852368357777,0,medium
Clark / St-Viateur,45.5251943015533,-73.59935637563467,15.513252415159773,0,medium
Clark / de l'Arcade,45.527371996141,-73.60398352146149,8.27193446088795,1,low
Coloniale / Duluth,45.51786873150825,-73.57842743396758,18.273717328170378,0,medium
Complexe Desjardins (St-Urbain / René-Lévesque),45.50788520688478,-73.56315059590997,16.253499222395025,0,medium
Crescent / de Maisonneuve,45.49812041247333,-73.57759594917297,14.642080745341614,0,medium
CÉGEP du Vieux-Montréal (Ontario / de l'Hôtel-de-Ville),45.51401222645779,-73.56598667800426,8.952685421994884,1,low
Desjardins / Ontario,45.55118417872238,-73.54087114334106,7.654398329417907,1,low
Dollard / Van Horne,45.51887607468706,-73.6161071062088,7.245907007203668,1,low
Dorion / Ontario,45.526991277453526,-73.55821162462234,14.766433903202504,0,medium
Drolet / Beaubien,45.533348,-73.605834,9.724833929483903,1,low
Drolet / Marie-Anne,45.52240257341408,-73.58117669820786,15.238250816788138,0,medium
Drolet / St-Zotique,45.53488214147823,-73.60941231250763,7.309493182402881,1,low
Drummond / Sherbrooke,45.500535752214155,-73.578113079202,10.061036569323862,1,low
Drummond / Ste-Catherine,45.49861674293281,-73.5741600394249,9.801835388586177,1,low
Drummond / des-Canadiens-de-Montréal,45.49676067752141,-73.57027635600843,11.769384193467964,0,medium
Duluth  / St-Denis,45.52062760607925,-73.57594907283782,18.81309552895187,0,medium
Duluth / de l'Esplanade,45.515132275425785,-73.58105599880219,15.874501992031872,0,medium
Durocher / Beaumont,45.52799772330074,-73.61919969320297,6.748471151289551,1,low
Durocher / Bernard,45.52222528598142,-73.60668718814848,7.3176623376623375,1,low
Durocher / Sherbrooke,45.507088290505685,-73.57227981090546,9.018020241915577,1,low
Duvernay / Charlevoix,45.482097305112845,-73.57487753033638,8.755608974358974,1,low
Dézéry / Ontario,45.54095791741757,-73.54702949523926,10.757810607895374,1,low
Fabre / Laurier,45.53458691154375,-73.58259929347696,10.286166007905138,1,low
Fabre / St-Zotique,45.543653916207866,-73.60126135876271,7.064287588559433,1,low
Fabrik8 (Waverly / Jean-Talon),45.53330725719417,-73.62082242965698,6.709042076991943,1,low
Faillon / St-Denis,45.53989085278141,-73.62026989459991,7.471741344195519,1,low
Fairmount / Hutchison,45.51969064184933,-73.59826556408734,8.01226826608506,1,low
Fortune / Wellington,45.477923,-73.559038,6.2764721415368365,1,low
Fullum / Gilford,45.539198007249375,-73.5737818479538,6.441579371474617,1,low
Fullum / Marie-Anne,45.53650541861215,-73.56803923845291,10.784328546233308,1,low
Fullum / Ontario,45.5303174,-73.5548669,7.398075923036921,1,low
Fullum / Ste-Catherine,45.527137816431285,-73.54804444319598,6.868956406869221,1,low
Fullum / Terrasse Mercure,45.535541603465234,-73.56593906879425,8.940491591203104,1,low
Fullum / de Rouen,45.53225536243612,-73.55892024004788,8.630225080385852,1,low
Gare d'autocars de Montréal (Berri / Ontario),45.516926210319546,-73.56425732374191,10.892042697719553,1,low
Garnier / St-Grégoire,45.5358215436799,-73.58710169792175,7.781856876828944,1,low
Garnier / St-Joseph,45.53329492220251,-73.58165103477404,5.8619313647246605,1,low
Garnier / Villeray,45.54948004519436,-73.61605471489383,6.086115007012623,1,low
Garnier / du Mont-Royal,45.53075597398246,-73.5761762317452,10.587211142766698,1,low
Gary-Carter / St-Laurent,45.53613488953656,-73.62258464097977,13.462194116029695,0,medium
Gauthier / Parthenais,45.53292625574653,-73.56377989053726,6.2135473340587595,1,low
Gauthier / de Lorimier,45.53166363055749,-73.56536373496056,12.22551850879496,0,medium
Gilford / Papineau,45.5343936461316,-73.57823699712753,9.213589274832419,1,low
Gilford / St-Denis,45.52497612960628,-73.58558893203735,16.263041880969876,0,medium
Gilford / de Brébeuf,45.530870247773066,-73.58155757188797,8.015503875968992,1,low
Gilford / des Érables,45.53728040418993,-73.57534691691399,7.258300506471581,1,low
Guy / Notre-Dame,45.490000580719105,-73.56706600863617,10.62617239839214,1,low
Guy / Sainte-Catherine,45.49497512853125,-73.57777043248461,18.98946107784431,0,medium
HEC (Decelles / Jean-Brillant),45.49772282989976,-73.61925333738327,7.847993402968664,1,low
Henri-Julien / Laurier,45.52574657625029,-73.59033644199371,9.50562372188139,1,low
Henri-Julien / de Castelnau,45.53789110878484,-73.6182153224945,8.3883547008547,1,low
Henri-Julien / du Carmel,45.52795093787009,-73.59502326697111,8.291132478632479,1,low
Henri-Julien / du Mont-Royal,45.52302929545924,-73.58409225940704,14.841605068637804,0,medium
Hotel-de-Ville / du Mont-Royal,45.522178004145694,-73.58460858464241,8.524723676556137,1,low
Hutchison / Prince-Arthur,45.50975858607626,-73.57610732316971,10.357346462814201,1,low
Hutchison / Van Horne,45.52497612960628,-73.61066222190857,6.5432543769309985,1,low
Jean Langlois / Fullum,45.526499983000186,-73.54575277422555,7.235021516054287,1,low
Jeanne-Mance / Laurier,45.52027633320609,-73.59497621666378,14.919482386772106,0,medium
Jeanne-Mance / René-Lévesque,45.5063713381299,-73.5642009973526,12.208761625061184,0,medium
Jeanne-Mance / Sherbrooke,45.50928678961862,-73.57101917266846,13.27621685793431,0,medium
Jeanne-Mance / St-Viateur,45.523026476635074,-73.60184043645859,15.955162384876393,0,medium
Jeanne-d'Arc / Ontario,45.54959767887176,-73.54187428951263,10.934572301425662,1,low
Joseph-Manseau / René-Levesque,45.491686521008035,-73.57682347297668,7.992362525458248,1,low
La Fontaine / Alexandre-de-Sève,45.52330366033427,-73.55799973011017,7.185185185185185,1,low
Labadie / du Parc,45.5198946757576,-73.59682738780975,6.99845797995374,1,low
Lajeunesse / Villeray,45.54218173507584,-73.62268656492233,8.727155727155727,1,low
Laurier / St-Denis,45.52714838624861,-73.58947947621346,28.270788912579956,2,high
Laurier / de Bordeaux,45.53725128371284,-73.57918381690979,11.87292817679558,0,medium
Laurier / de Brébeuf,45.532449016819825,-73.5847695171833,26.171442687747035,2,high
Laval / Duluth,45.519192617838605,-73.57715926134915,13.521329494896625,0,medium
Laval / du Mont-Royal,45.5223645775784,-73.58414590358734,11.054074638233054,1,low
Letourneux / Ste-Catherine,45.55078357889704,-73.53409996037954,7.030526028890706,1,low
Lincoln / St-Mathieu,45.49503704949293,-73.58157634735107,10.579186602870813,1,low
Logan / de Champlain,45.5231943285584,-73.55584256350994,6.4025356576862125,1,low
Louis-Hémon / Rosemont,45.544500877623655,-73.58810484409332,6.038461538461538,1,low
Léa-Roback / Sir-Georges-Etienne-Cartier,45.471703687608354,-73.58268946409225,17.142098273572376,0,medium
Mackay / René-Lévesque,45.49445745087875,-73.57411649085407,8.098405580468361,1,low
Mackay / Ste-Catherine,45.495774063803815,-73.57687845826149,9.829710144927537,1,low
Mackay / de Maisonneuve,45.496840189747,-73.5792407642475,21.62226640159046,2,high
Maguire / Henri-Julien,45.527041096087785,-73.59347056655677,6.786624203821656,1,low
Maguire / St-Laurent,45.52462848559264,-73.5958108305931,12.006459948320414,0,medium
Mansfield / Ste-Catherine,45.50140664031126,-73.57165485620499,15.566901408450704,0,medium
Marché Atwater,45.48020822800015,-73.57759863138199,13.061325966850829,0,medium
Marché Jean-Talon (Casgrain / Shamrock),45.53519006163501,-73.61548215150833,11.881582613541376,0,medium
Marché Jean-Talon (Henri-Julien / Jean-Talon),45.53678525128436,-73.6148879583925,11.567328326180258,0,medium
Marché Maisonneuve,45.55321884238814,-73.53978216648102,10.046078865750998,1,low
Marcil / Sherbrooke,45.471743,-73.613924,6.289644012944984,1,low
Marie-Anne / Papineau,45.53176697148175,-73.5724139213562,11.345876288659793,1,low
Marie-Anne / St-Hubert,45.5246829812827,-73.5788968205452,10.347326336831584,1,low
Marie-Anne / de la Roche,45.527550507601894,-73.5762870311737,10.541688794476899,1,low
Marmier / St-Denis,45.53102667048665,-73.59862312674522,13.152259075476625,0,medium
Marquette / Laurier,45.53543,-73.5822,13.702008928571429,0,medium
Marquette / Rachel,45.52983801723605,-73.5703244805336,16.50758416574177,0,medium
Marquette / du Mont-Royal,45.53221791147474,-73.57543140649796,31.04134904134904,2,high
Masson / Molson,45.54434593245247,-73.57697686180472,12.550541039852204,0,medium
McGill / Place d'Youville,45.500014581102505,-73.55625258141116,9.923300032226877,1,low
McGill / Wellington,45.499447710650415,-73.55489909648894,7.315317762085823,1,low
McTavish / Sherbrooke,45.50277615861811,-73.57589408755302,19.527433628318583,0,medium
Melville / de Maisonneuve,45.48184019359366,-73.59537899494171,9.821419009370816,1,low
Messier / du Mont-Royal,45.53711414,-73.5710031,14.124416796267496,0,medium
Metcalfe / de Maisonneuve,45.501804363327565,-73.57434511184692,8.137553041018387,1,low
Milton / Durocher,45.508140959417744,-73.57492983341217,14.257003341043433,0,medium
Milton / St-Laurent,45.512903912221326,-73.57059180741999,12.265217391304347,0,medium
Milton / University,45.50651983995355,-73.57640504837036,18.06238361266294,0,medium
Milton / du Parc,45.50936142835129,-73.57386365532875,14.522071104748271,0,medium
Molson / Beaubien,45.54968589617967,-73.59115451574326,7.318801818668093,1,low
Molson / William-Tremblay,45.541602844435374,-73.56496073305605,8.905016910935739,1,low
Montcalm / Ontario,45.52110494530867,-73.56229394674301,13.12273932963588,0,medium
Montcalm / de Maisonneuve,45.519131967116216,-73.55788965214742,10.341871921182266,1,low
Mozart / St-Laurent,45.53328624709234,-73.61546382309369,8.731003441885093,1,low
Murray / Wellington,45.49225247724067,-73.55850666761398,11.868804664723031,0,medium
Métro Atwater (Atwater / Ste-Catherine),45.48952522221574,-73.5844581949641,24.888652984194387,2,high
Métro Beaubien (de Chateaubriand / Beaubien),45.5353599615622,-73.60363483428955,21.409671761463294,2,high
Métro Beaudry (Beaudry / Ste-Catherine),45.51888453178292,-73.55593845248222,11.792028985507246,0,medium
Métro Charlevoix (Charlevoix / Centre),45.47840064366771,-73.56917751956644,12.731693028705331,0,medium
Métro Crémazie (Crémazie / Lajeunesse),45.54640752148169,-73.63842844963074,7.766114649681529,1,low
Métro Côte-des-Neiges (Jean-Brillant / de la Côte-des-Neiges),45.495537539518104,-73.6222583055769,9.550776278951387,1,low
Métro Frontenac (Ontario / du Havre),45.533705987798946,-73.55217933654784,13.793253012048194,0,medium
Métro Jarry (Lajeunesse / Jarry),45.54355974189168,-73.62777203321457,15.357979502196192,0,medium
Métro Jean-Talon (Berri / Jean-Talon),45.53900036432657,-73.6142510175705,10.515128593040847,1,low
Métro Joliette  (Hochelaga / Joliette),45.54699194653282,-73.55115339159964,12.594548133595286,0,medium
Métro Lasalle (de Rushbrooke / Caisse),45.47039991066639,-73.56551858292733,9.68397818748377,1,low
Métro Laurier (Berri / St-Joseph),45.52723106564012,-73.58672618865965,7.661586153448721,1,low
Métro Lionel-Groulx (St-Jacques / Atwater),45.48295816149219,-73.57975836854166,12.710056390977444,0,medium
Métro Lucien-L'Allier (Lucien l'Allier / Argyle),45.49487159597493,-73.57112377882004,8.413429379984564,1,low
Métro Mont-Royal (Utilités publiques / Rivard),45.52423612093815,-73.58155220746994,43.708400460299195,2,high
Métro Papineau (Dorion / De Maisonneuve),45.5238445756922,-73.55236601831166,24.75069573283859,2,high
Métro Parc  (Hutchison / Ogilvy),45.53035130173597,-73.6243924498558,10.504621533849614,1,low
Métro Peel (de Maisonneuve / Stanley),45.50038,-73.57507,25.18074608904934,2,high
Métro Pie-IX (Pierre-de-Coubertin / Desjardins),45.554373399819674,-73.55137467384337,13.007862033984276,0,medium
Métro Place Saint-Henri (St-Ferdinand / St-Jacques),45.47728092665489,-73.58730420470238,12.231388329979879,0,medium
Métro Place-d'Armes (Viger / St-Urbain),45.50631445605528,-73.55967122894072,12.114874815905743,0,medium
Métro Place-des-Arts (du Président-Kennedy / Jeanne-Mance),45.508204615051355,-73.56881439685822,14.165683508591947,0,medium
Métro Préfontaine (Préfontaine / Hochelaga),45.54224663397568,-73.55461478233337,8.77680250783699,1,low
Métro Rosemont (de St-Vallier / Rosemont),45.531921043052655,-73.59804779291153,11.717659983521012,0,medium
Métro Sauvé (Berri / Sauvé),45.55069206841976,-73.65636706352234,8.196304231387252,1,low
Métro Sherbrooke (de Rigaud / Berri),45.51814312154928,-73.56800436973572,17.699599151143598,0,medium
Métro St-Laurent (de Maisonneuve / St-Laurent),45.51074821798916,-73.56512099504471,24.377743902439025,2,high
Métro Université de Montréal (Édouard-Montpetit / Louis-Collin),45.50363996257211,-73.6182689666748,9.884293193717278,1,low
Métro Vendôme (de Marlowe / de Maisonneuve),45.47393028235147,-73.60473453998564,16.681036630949414,0,medium
Métro Verdun (Willibrord / de Verdun),45.45944369868444,-73.57247931886377,9.402869329197364,1,low
Métro Viau (Pierre-de-Coubertin / Viau),45.56221872617909,-73.54626774787903,9.8035027765912,1,low
Métro de Castelnau (de Castelnau / St-Laurent),45.53552563367942,-73.61981123685837,8.453257018261107,1,low
Métro de l'Église (Ross / de l'Église),45.462835777941144,-73.565876549128,9.654065814522708,1,low
Métro Édouard-Montpetit (du Mont-Royal / Vincent-d'Indy),45.5102725432849,-73.61140972936482,8.408378455400399,1,low
Notre-Dame / St-Martin,45.48830194643546,-73.56871783733366,8.162375037867314,1,low
Omer-Lavallée / du Midway,45.5457759528664,-73.56217458844185,7.505422993492408,1,low
Ontario / Sicard,45.55626186680846,-73.53744059801102,6.613192612137203,1,low
Ottawa / William,45.48972725318433,-73.56406286358833,7.9830136986301365,1,low
Ottawa / du Séminaire,45.4912954250061,-73.56159925460815,13.153846153846153,0,medium
Panet / Ste-Catherine,45.51999897796297,-73.5548883676529,6.906427990235964,1,low
Parc Hilda-Ramacière (de Bullion / Prince-Arthur),45.51562131982338,-73.57212960720062,9.645958083832335,1,low
Parc Jean-Drapeau (Chemin Macdonald),45.512470265414784,-73.53212228978008,21.930348258706466,2,high
Parc Jeanne-Mance (du Mont-Royal / du Parc),45.51689731423111,-73.58910799026489,16.566897918731417,0,medium
Parc Jeanne-Mance (monument sir George-Étienne-Cartier),45.51487490356938,-73.58486406505108,17.44966622162884,0,medium
Parc Lalancette (de Rouen / Valois),45.54814504700217,-73.5471260547638,7.862270875763747,1,low
Parc Ludger-Duvernay (St-André / St-Hubert),45.53147464147482,-73.59242051839828,6.201254431415326,1,low
Parc Maisonneuve (Viau / Sherbrooke),45.56493679334249,-73.5555911064148,9.632753623188405,1,low
Parc Molson (d'Iberville / Beaubien),45.54902230455398,-73.59198164194822,6.42219711945778,1,low
Parc Père-Marquette (Chambord / Rosemont),45.53708783301333,-73.59321847558022,10.051474262868565,1,low
Parc St-Patrick (St-Patrick / St-Columban),45.48870785150952,-73.55899317193689,8.923783287419651,1,low
Parc du Pélican (1ere Ave / Masson),45.54518840394769,-73.57644259929657,13.434571890145396,0,medium
Parthenais / Larivière,45.53025954525953,-73.55784621096973,9.13691056910569,1,low
Parthenais / du Mont-Royal,45.53640396516409,-73.57141345739365,13.786791986148899,0,medium
Peel / Notre-Dame,45.49544692088696,-73.56329441070557,15.453491368204071,0,medium
Peel / Ottawa,45.49419955357054,-73.55998456478119,21.258172273920305,2,high
Pierre-de-Coubertin / Aird,45.55903106539297,-73.54830354452133,8.70450885668277,1,low
Place Valois (Valois / Ontario),45.54714142711512,-73.54339510202408,11.33228544482867,1,low
Place des Festivals (du Président-Kennedy / de Bleury),45.50764392965887,-73.56932401657104,12.423008399083736,0,medium
Place du Canada (Peel / des Canadiens-de-Montréal),45.497795545133336,-73.56825113296509,11.929722222222223,0,medium
Plessis / Ontario,45.523593057451045,-73.56109768152237,9.873927735898102,1,low
Poupart / Ontario,45.531836726498305,-73.55348825454712,6.383820108555182,1,low
Prince-Arthur / St-Urbain,45.51262123436571,-73.5737282037735,10.597208374875374,1,low
Prince-Arthur / du Parc,45.51044465753362,-73.5755842924118,21.290002420721375,2,high
Queen / Wellington,45.49760527699099,-73.55534970760345,8.458215074109114,1,low
Querbes / Laurier,45.517503062030734,-73.59790614807935,7.395397489539749,1,low
Rachel / de Brébeuf,45.52689,-73.57264,12.566380878150168,0,medium
René-Lévesque / Papineau,45.52097057660443,-73.5499919950962,8.082891079100328,1,low
Richardson / Montmorency,45.484966061164755,-73.56032252311707,8.982954545454545,1,low
Richmond / des Bassins,45.48752158511353,-73.56500297784805,18.123527800602574,0,medium
Rivard / du Mont-Royal,45.524558956532104,-73.58263313770294,24.501842299189388,2,high
Robert-Bourassa / René-Lévesque,45.502182909901194,-73.56825381517409,7.9865331491712706,1,low
Robert-Bourassa / St-Maurice,45.49837045828952,-73.56055587530136,6.44609870416322,1,low
Ropery / Augustin-Cantin,45.48097552629275,-73.56863468885422,7.1101190476190474,1,low
Roy / Saint-Laurent,45.51565182195085,-73.57577390039296,11.113396889111891,1,low
Roy / St-André,45.521564270906616,-73.57036739587784,14.524039684558636,0,medium
Roy / St-Denis,45.51908,-73.5727,17.460695187165776,0,medium
Ryde / Charlevoix,45.4757434,-73.5646007,5.949790794979079,1,low
Sanguinet / de Maisonneuve,45.51340553558378,-73.56259435415267,12.146799116997792,0,medium
Sewell / Roy,45.51467743947122,-73.57659816741943,7.962633451957295,1,low
Shearer / Centre,45.4828250990486,-73.56206325352105,6.489795918367347,1,low
Sherbrooke / Jeanne-d'Arc,45.55398156058887,-73.55496388156098,12.12637222364054,0,medium
Smith / Peel,45.49276061084002,-73.55641052126883,22.546833614254755,2,high
Square St-Louis (du Square St-Louis / Laval),45.516090801970655,-73.5701286792755,17.89916897506925,0,medium
Square Victoria (Viger / du Square-Victoria),45.50206,-73.56295,16.69924812030075,0,medium
Square Viger (Berri / Viger),45.5121682576952,-73.55481594800949,14.89691235059761,0,medium
Square-Victoria (Viger / du Square-Victoria),45.50208503935104,-73.56294138360681,17.495343680709535,0,medium
St-Alexandre / Ste-Catherine,45.50527354034462,-73.5674786567688,11.43645569620253,1,low
St-Ambroise / Louis-Cyr,45.47519326260791,-73.58094334602356,7.215627796003579,1,low
St-André /  Cherrier,45.52050169308784,-73.56770128011703,10.953257086026852,1,low
St-André / Ontario,45.51889,-73.56353,8.696560196560197,1,low
St-André / Rachel,45.52409561323593,-73.57537156904073,7.810930962343096,1,low
St-André / Ste-Catherine,45.516297540849614,-73.55801045894623,17.27692670280462,0,medium
St-Antoine / Jean-Paul Riopelle,45.502939709023714,-73.56064036488532,8.405110460473782,1,low
St-Antoine / St-François-Xavier,45.5045770667804,-73.55918392539024,6.3917553917553915,1,low
St-Antoine / de la Montagne,45.495369835210354,-73.56859177350998,7.021653023501452,1,low
St-Cuthbert / Clark,45.51567168354896,-73.57744306325912,11.905202681136291,0,medium
St-Cyril / Wiseman,45.52085479492202,-73.61573964357376,7.745652738126135,1,low
St-Denis / Ste-Catherine,45.51372291221464,-73.5603104531765,14.455150320354855,0,medium
St-Dominique / Jean-Talon,45.53520398241678,-73.6175217570053,6.983707865168539,1,low
St-Dominique / Laurier,45.52361490311454,-73.59245739877223,18.294544544544543,0,medium
St-Dominique / Napoléon,45.51666442219882,-73.57722043991089,13.757114328507239,0,medium
St-Dominique / Rachel,45.518593,-73.581566,17.278787878787877,0,medium
St-Dominique / St-Viateur,45.52655700191558,-73.5982757806778,8.795982783357246,1,low
St-Dominique / St-Zotique,45.53226461018495,-73.6110632121563,15.762078174314153,0,medium
St-Dominique / de Bellechasse,45.52952466565309,-73.60488876700401,11.654891994917408,0,medium
St-Dominique / du Mont-Royal,45.52055405900748,-73.58585013080301,13.113263785394933,0,medium
St-Grégoire / Christophe-Colomb,45.53255611409675,-73.58993947505951,10.596816976127322,1,low
St-Hubert / Duluth,45.522425652788634,-73.57418417930603,12.458160526957794,0,medium
St-Hubert / Laurier,45.52893724049854,-73.58786880970001,11.734658385093168,0,medium
St-Hubert / René-Levesque,45.514369201445305,-73.55648696422577,6.075761453800871,1,low
St-Hubert / de Maisonneuve (nord),45.51613214980722,-73.56049686670303,9.464587062132447,1,low
St-Hubert / de Maisonneuve (sud),45.51586835126322,-73.56008380651474,17.281311846197344,0,medium
St-Jacques / Gauvin,45.50065923264611,-73.5611384269032,8.865681896255582,1,low
St-Jacques / McGill,45.50114344835097,-73.56077313423157,9.555997876857749,1,low
St-Laurent / Pl. du Marché,45.50928960913111,-73.56241598725319,11.273515166964058,1,low
St-Nicolas / Place d'Youville,45.501966859101564,-73.55515256524086,9.714997232982844,1,low
St-Patrick / Thomas-Keefer,45.47801152713375,-73.57427294832632,18.065681961030798,0,medium
St-Rémi / Ste-Émilie,45.46976497412213,-73.58923405408859,10.054251829422155,1,low
St-Timothée / Ste-Catherine,45.5170563208812,-73.55770137168292,7.7103825136612025,1,low
St-Urbain / Laurier,45.52164617544124,-73.59366774559021,8.800711743772242,1,low
St-Urbain / de la Gauchetière,45.50707812811467,-73.56139540672302,9.949308755760368,1,low
St-Zotique / Clark,45.53143760098197,-73.61270070075989,10.392642838507696,1,low
Stanley / René-Lévesque,45.49790394592446,-73.57077571808077,9.906036602021306,1,low
Stanley / Sherbrooke,45.50105732321463,-73.57722634080346,7.3036690085870415,1,low
Ste-Catherine / Bishop,45.49658063218649,-73.5762146115303,6.95055945875618,1,low
Ste-Catherine / Dézéry,45.53938508196168,-73.54099988937377,8.139691235059761,1,low
Ste-Catherine / Sanguinet,45.512936177874096,-73.56124520301817,10.579536777806057,1,low
Ste-Catherine / St-Denis,45.5138663042805,-73.56042764151425,10.29816513761468,1,low
Ste-Catherine / St-Laurent,45.50991130818593,-73.56380604207516,20.0170550084074,2,high
Ste-Catherine / St-Mathieu,45.49384690142783,-73.57917845249176,14.695924764890282,0,medium
Ste-Catherine / Towers,45.49228068089086,-73.58096480369566,11.414028251339504,1,low
Ste-Catherine / Union,45.50373771539475,-73.56948494911194,17.948081264108353,0,medium
Ste-Famille / Sherbrooke,45.51002361741137,-73.57068121433258,13.691931540342297,0,medium
Ste-Famille / des Pins,45.512856179335664,-73.57692807912827,8.26280860100876,1,low
Ste-Émilie / Sir-Georges-Etienne-Cartier,45.472636238971525,-73.58546018600464,10.466545170528509,1,low
Tupper / du Fort,45.491202175002506,-73.58074486255646,6.824455899198167,1,low
Turgeon / Notre-Dame,45.47888852807208,-73.58198940753937,9.173117709437964,1,low
Union / Ste-Catherine,45.504027213143104,-73.56970220804214,11.918023083752589,0,medium
University / Milton,45.5065386376248,-73.5766088962555,25.29430548163917,2,high
University / Prince-Arthur,45.5074794530521,-73.57864737510681,10.944773175542407,1,low
Vallières / St-Laurent,45.518967223320054,-73.5836161673069,11.170700958144225,1,low
Valois / Ste-Catherine,45.54522973039872,-73.53725016117096,7.2682215743440235,1,low
Victoria / de Maisonneuve,45.47742856483265,-73.60016942024231,8.135768051296347,1,low
Viger / Chenneville,45.50531166520915,-73.56089115142822,6.45897577092511,1,low
Villeneuve / St-Dominique,45.522110586209195,-73.58881697058678,11.335079840319361,1,low
Villeneuve / du Parc,45.518197623521424,-73.59239235520363,10.021097046413502,1,low
Waverly / Bernard,45.52562443297396,-73.60413372516632,8.99845480298738,1,low
Waverly / St-Viateur,45.5238561444472,-73.60012650489807,12.329545454545455,0,medium
Wellington / 3e avenue,45.45749246180326,-73.56758799411182,12.476482617586912,0,medium
Wellington / Gordon,45.46115406449117,-73.56709241867065,14.978008796481408,0,medium
Wellington / de l'Église,45.46311264513107,-73.56705610964127,14.406625258799172,0,medium
Wilderton  / Van Horne,45.51014162409143,-73.6247518658638,7.582825203252033,1,low
William / Robert-Bourassa,45.49716534003792,-73.55933010578154,7.905061631261474,1,low
William / St-Henri,45.4988865267828,-73.55711728334427,8.72836916622968,1,low
Wolfe / Robin,45.51959908817399,-73.56020073872969,5.90869916509561,1,low
d'Orléans / Masson,45.557192,-73.569847,6.638985313751669,1,low
de Bellechasse / de Lanaudière,45.539306918976,-73.59521873295307,7.833768778576094,1,low
de Bellechasse / de St-Vallier,45.53341043363302,-73.60112428665161,11.25491698595147,1,low
de Bleury / de Maisonneuve,45.50710632433956,-73.56861054897308,11.834004602991945,0,medium
de Bordeaux / Masson,45.53898439552301,-73.5824453830719,9.669902912621358,1,low
de Bordeaux / Rachel,45.53207532297607,-73.56769983980485,9.701888858472488,1,low
de Bordeaux / Sherbrooke,45.529914321737415,-73.56302618980408,10.39014874420873,1,low
de Bordeaux / de Bellechasse,45.54325917626278,-73.59154611825943,7.424373146400647,1,low
de Bordeaux / du Mont-Royal,45.53451201270128,-73.57283771038055,13.089297439264609,0,medium
de Brébeuf / du Mont-Royal,45.52922355524467,-73.57784914976946,18.69077941925624,0,medium
de Castelnau / Lajeunesse,45.54043190217008,-73.61650675535202,7.1046449546182595,1,low
de Chambly / Rachel,45.54991069359101,-73.55826258659361,6.638017400474558,1,low
de Gaspé / Beaubien,45.531957916826386,-73.60700100660324,11.095331214861892,1,low
de Gaspé / Fairmount,45.52557815939422,-73.59285570681095,7.437639198218263,1,low
de Gaspé / St-Viateur,45.527672646696104,-73.59738260507582,10.075597218022377,1,low
de Gaspé / Villeray,45.53888723230076,-73.62390697002411,7.559901447489991,1,low
de Kent / de la Côte-des-Neiges,45.50144933057703,-73.63305062055588,7.412565445026178,1,low
de L'Esplanade  / Fairmount,45.521484558655224,-73.59684884548187,14.068815871047738,0,medium
de Lanaudière / Bélanger,45.54365085053057,-73.60565051436424,7.927770534550196,1,low
de Lanaudière / Laurier,45.5333136054992,-73.58373686671257,11.836659663865547,0,medium
de Lanaudière / Marie-Anne,45.52932643090091,-73.57480645179749,8.223300970873787,1,low
de Lanaudière / du Mont-Royal,45.53022106537559,-73.57699647545813,15.259812050856826,0,medium
de Léry / Sherbrooke,45.54099971663243,-73.55826258659361,6.7369318181818185,1,low
de Maisonneuve / Aylmer (est),45.50538591756765,-73.5704317688942,7.465343415248897,1,low
de Maisonneuve / Aylmer (ouest),45.505173440423306,-73.5706517100334,12.403186274509803,0,medium
de Maisonneuve / Fullum,45.52797141659334,-73.54948371648788,8.265041493775934,1,low
de Maisonneuve / Greene,45.48697062,-73.58929306,9.270248596631916,1,low
de Maisonneuve / Mansfield (nord),45.502386079583346,-73.57333794236183,8.937285491419656,1,low
de Maisonneuve / Mansfield (sud),45.502053864057466,-73.57346534729004,12.540135669869983,0,medium
de Maisonneuve / Mansfield (sud-est),45.50229349416256,-73.5733064264059,13.76154081320697,0,medium
de Maisonneuve / Wood,45.48819793805841,-73.58807051185067,7.609695973705834,1,low
de Maisonneuve / de Bleury,45.5070388622436,-73.56912677500077,7.226700971983991,1,low
de Mentana / Marie-Anne,45.526026565221414,-73.57785880565643,8.482059282371296,1,low
de Mentana / du Mont-Royal,45.52711832098521,-73.58031034469604,16.2191738594328,0,medium
de Rouen / Hogan,45.53636263222538,-73.55421245098114,5.886823400765445,1,low
de Rouen / Lespérance,45.538859462962286,-73.5528177022934,6.31383547008547,1,low
de St-Vallier / St-Zotique,45.536434338630336,-73.60783427975548,7.1996298254891595,1,low
de l'Esplanade / Beaubien,45.52839983858232,-73.61192286014557,8.728292121909144,1,low
de l'Esplanade / Rachel,45.51631633525551,-73.58359336853027,12.30401159980667,0,medium
de l'Esplanade / Villeneuve,45.51943184213857,-73.59095953859651,9.57780580075662,1,low
de l'Esplanade / du Mont-Royal,45.51825290855221,-73.5883381962776,12.050851900393186,0,medium
de l'Hotel-de-Ville / Ontario,45.51374520222444,-73.56666326522826,7.437810945273632,1,low
de l'Hôtel-de-Ville / Rachel,45.51989655507833,-73.58010649681091,10.164314516129032,1,low
de l'Hôtel-de-Ville / Roy,45.51733075399989,-73.57449866831303,8.855949294151541,1,low
de l'Hôtel-de-Ville / Sherbrooke,45.5145247302944,-73.56835573911665,8.935467858029288,1,low
de l'Hôtel-de-Ville / Ste-Catherine,45.51166045593874,-73.56213569641113,8.85608856088561,1,low
de l'Hôtel-de-Ville / Villeneuve,45.52348082760688,-73.58732756238169,7.727321237993596,1,low
de la Cathédrale / René-Lévesque,45.499161694813886,-73.56931967664423,7.001568873548792,1,low
de la Commune / Berri,45.51086,-73.54983,18.1633626097867,0,medium
de la Commune / King,45.49750375338383,-73.55284452438353,24.54356740133265,2,high
de la Commune / Place Jacques-Cartier,45.50761009451047,-73.55183601379395,30.660832064941655,2,high
de la Commune / St-Sulpice,45.50424245563397,-73.553469479084,22.2912920626766,2,high
de la Côte St-Paul / St-Ambroise,45.46766565386597,-73.59391784324544,8.026050420168067,1,low
de la Montagne / Notre-Dame,45.492913379064625,-73.5646878182888,16.308047653780694,0,medium
de la Porte de Québec / St-André,45.51329411414168,-73.55057805776596,6.456667561041052,1,low
de la Roche / Bélanger,45.541669595766315,-73.60760450363159,8.607833163784333,1,low
de la Roche / de Bellechasse,45.53718135927993,-73.59750330448149,7.628831256315258,1,low
des Bassins / du Séminaire,45.49047561880464,-73.56022328138351,16.083333333333332,0,medium
des Pins / Hutchison,45.510800289485616,-73.57822090387344,13.817696414950419,0,medium
des Pins / St-Laurent,45.51522812881499,-73.5750961303711,25.812733208955223,2,high
des Récollets / McGill,45.5008764952487,-73.55900555849075,9.186651144741948,1,low
des Érables / Laurier,45.538514913607656,-73.57769921422005,8.371524852569502,1,low
des Érables / Rachel,45.533313304815366,-73.56671154499054,8.416688741721854,1,low
du Canal / McLaughlin,45.42969214118378,-73.6694884300232,9.933362949800088,1,low
du Havre / de Rouen,45.53456256501449,-73.55478646466509,5.870013568521031,1,low
du Mont-Royal / Augustin-Frigon,45.54355786336148,-73.56780052185059,9.306358381502891,1,low
du Mont-Royal / Clark,45.51941,-73.58685,37.305025593299206,2,high
du Parc-La Fontaine / Duluth,45.52451761488783,-73.57197672128677,11.221558441558441,1,low
du Parc-La Fontaine / Roy,45.5232203879173,-73.56916093829568,8.666839916839917,1,low
du Parc-Lafontaine / Rachel,45.52551168509886,-73.57424452900887,15.457243816254417,0,medium
du President-Kennedy / Union,45.505102242483595,-73.57187882065773,8.624814043439452,1,low
du Rosaire / St-Hubert,45.54481928225348,-73.6215104162693,6.310792893131795,1,low
Édouard-Montpetit / de Stirling,45.50698322682884,-73.61495793488301,10.590481038432172,1,low
Émile-Duployé / Rachel,45.52970707609694,-73.56998120721983,17.9447388342165,0,medium
Émile-Duployé / Sherbrooke,45.52719536319051,-73.5645255446434,21.92987951807229,2,high
